title,url,type
트리플 스트렝스 오메가3 피쉬오일,https://imgproxy.pillyze.io/L2tYMO5WYFFhqW4X4uRwq0gwZ4HRjiP1I50GbhkuBnk/rs:fill:300:300/czM6Ly9waWxseXplLXByZC1pbWFnZS9wcm9kdWN0cy92MS85ay9jMGJjM2Q4Ny05MzYwLzEwMDA,OILY
투퍼데이 멀티비타민,http://imgproxy.pillyze.io/19BK7vSOrxOptRjidMXDy3GixpfMTMdG25Mfk9YHryc/rs:fill:300:300/czM6Ly9waWxseXplLXByZC1pbWFnZS9wcm9kdWN0cy92MS85ay83NWI1ZGZhZS05MzQ1LzUwMA,OILY
칼슘 앤 마그네슘 비타민D 아연,http://imgproxy.pillyze.io/8997mK4sxfvlQGm51pZFswQpa2xFEtsR7sZn1riaq_A/rs:fill:300:300/czM6Ly9waWxseXplLXByZC1pbWFnZS9wcm9kdWN0cy92MS8way9hMDdhZTQ1NS0yMzYvNTAw,OILY
혈행건강 프로메가 알티지 오메가3 듀얼,http://imgproxy.pillyze.io/4abDV9G5Lz2ez45imZHgyfDRJg0Y9e0NfEBbQ22Da-I/rs:fill:300:300/czM6Ly9waWxseXplLXByZC1pbWFnZS9wcm9kdWN0cy92MS8way8zYTU1NmY5Yy02Ny81MDA,DRY
베이직 뉴트리언트 투퍼데이,http://imgproxy.pillyze.io/VuHIUar8lovY4cqp4r3Vo45OKwOOqo4MK-08IMfZwbU/rs:fill:300:300/czM6Ly9waWxseXplLXByZC1pbWFnZS9wcm9kdWN0cy92MS8xMmsvOTQ0NWJmZTktMTI2NjkvNTAw,DRY
비타민C 1000,https://imgproxy.pillyze.io/qm9ZGhGO5Xvsbs2zeLx_BVEygHcQYleF0uvedEaWn1s/rs:fill:300:300/czM6Ly9waWxseXplLXByZC1pbWFnZS9wcm9kdWN0cy92MS8way80MTk1NTIxMy0xLzEwMDA,DRY
초임계 알티지 오메가3,http://imgproxy.pillyze.io/zArgUxcbvQkMvMZdHS1UdIcgtPPC8Xb__TfKxZWpSKM/rs:fill:300:300/czM6Ly9waWxseXplLXByZC1pbWFnZS9wcm9kdWN0cy92MS8xay8xODNjMWRiZC0xMzc0LzUwMA,COMBINATION
혈행건강 프로메가 알티지 오메가3 듀얼,http://imgproxy.pillyze.io/4abDV9G5Lz2ez45imZHgyfDRJg0Y9e0NfEBbQ22Da-I/rs:fill:300:300/czM6Ly9waWxseXplLXByZC1pbWFnZS9wcm9kdWN0cy92MS8way8zYTU1NmY5Yy02Ny81MDA,COMBINATION
루테인 골드,http://imgproxy.pillyze.io/F84GwfcicuV04G_RYU4EykqYzz9H2x82Awpyua_PVLY/rs:fill:300:300/czM6Ly9waWxseXplLXByZC1pbWFnZS9wcm9kdWN0cy92MS8way8zNWM0OTI3Zi00My8xMDAw,COMBINATION
락토핏 생유산균 코어맥스,http://imgproxy.pillyze.io/SZR0s_vv78bHzbvVdUeZ6tX-CDcKrYDXavNekJ99Tq8/rs:fill:300:300/czM6Ly9waWxseXplLXByZC1pbWFnZS9wcm9kdWN0cy92MS8xN2svZThhNDU0MzktMTc5NjkvMTAwMA,ACNE
히알루론산,http://imgproxy.pillyze.io/x_KI-vujLHbZbjZE5TsDSDqe_NGueey6HrcQ3POHUdE/rs:fill:300:300/czM6Ly9waWxseXplLXByZC1pbWFnZS9wcm9kdWN0cy92MS82ay82N2M2N2M2ZC02Njg2LzUwMA,ACNE
비타민C 1000mg,http://imgproxy.pillyze.io/flxiKJiw198tl6iI_0vaITjNkki9n9G_Aw-ox8xBvZs/rs:fill:300:300/czM6Ly9waWxseXplLXByZC1pbWFnZS9wcm9kdWN0cy92MS83ay83ZjRkZGQ3NC03MTE5LzUwMA,ACNE
골드 C 비타민C 1000mg,http://imgproxy.pillyze.io/XAg2cpM9WXEAhWP5pzutTh27PyibxS0uO1gkqviNjUw/rs:fill:300:300/czM6Ly9waWxseXplLXByZC1pbWFnZS9wcm9kdWN0cy92MS85ay8yNDAzNTg4Yi05MjA1LzUwMA,WRINKLES
듀얼액상콜라겐,http://imgproxy.pillyze.io/AXIRiHrN2giqdY6pkcAn0IrFPZjVPzlgP4CVXH2RZFQ/rs:fill:300:300/czM6Ly9waWxseXplLXByZC1pbWFnZS9wcm9kdWN0cy92MS8xNWsvMzg4M2U1YjgtMTU1NTQvNTAw,WRINKLES
비비랩 저분자 콜라겐 비오틴 플러스,https://cdn.pillyze.io/products/v1/16k/0bbd83e9-16566/500,WRINKLES
